building_id,surface_m2,year_built,building_type,city,energy_consumption_kwh,co2_emissions_kg,energy_class
1,139.9,1994,Industrie,Lyon,104.1,20.9,F
2,114.5,1996,Industrie,Lille,271.8,62.3,E
3,,1962,Résidentiel,Lyon,187.9,32.1,E
4,180.9,1971,Résidentiel,Lyon,144.6,35.1,A
5,110.6,1970,Résidentiel,Marseille,165.9,54.9,E
6,110.6,1958,Industrie,Lille,228.4,28.0,C
7,183.2,1975,Industrie,Lyon,162.4,55.0,E
8,150.7,1958,Industrie,Nantes,93.0,30.1,C
9,101.2,1964,École,Lyon,199.6,43.1,B
10,141.7,1959,Industrie,Lille,252.5,28.1,B
11,101.5,1991,École,Toulouse,248.5,,D
12,101.4,2021,Résidentiel,Lille,146.4,40.0,C
13,129.7,1973,Résidentiel,Marseille,256.2,42.7,F
14,43.5,1998,Résidentiel,Toulouse,192.8,19.2,B
15,51.0,1975,Bureau,Nantes,254.5,31.3,E
16,97.5,1986,Bureau,Paris,214.4,49.4,A
17,79.5,2017,Commerce,Lille,88.7,42.2,A
18,132.6,1999,Commerce,Marseille,284.8,30.3,G
19,83.7,1973,Commerce,Nantes,183.1,27.8,C
20,63.5,1968,Bureau,Toulouse,214.6,58.4,F
21,178.6,2009,Bureau,Nantes,99.4,17.6,D
22,111.0,1988,Commerce,Lille,210.3,34.3,E
23,122.7,1967,Commerce,Lyon,246.2,17.4,C
24,63.0,1968,Industrie,Lille,296.1,50.8,G
25,98.2,1985,Commerce,Paris,264.0,34.9,A
26,124.4,2004,Industrie,Lille,213.3,37.1,C
27,74.0,2018,École,Toulouse,87.3,68.2,E
28,135.0,1996,Bureau,Toulouse,,27.9,F
29,96.0,1998,Commerce,Lille,144.4,56.0,F
30,108.3,1982,Bureau,Toulouse,194.1,30.3,B
31,95.9,1970,Bureau,Lyon,107.0,32.2,E
32,194.1,1971,Bureau,Nantes,,66.7,G
33,119.5,1997,École,Lille,,33.1,B
34,77.7,1986,Résidentiel,Lyon,147.1,18.5,B
35,152.9,1964,Commerce,Nantes,147.7,38.4,B
36,,1984,Résidentiel,Nantes,171.8,32.9,C
37,128.4,2020,Résidentiel,Lyon,,39.4,G
38,41.6,1981,Résidentiel,Marseille,,33.4,A
39,66.9,1960,Bureau,Lille,40.0,61.6,F
40,127.9,1959,Industrie,Nantes,159.7,41.7,C
41,149.5,2022,Bureau,Nantes,,22.1,A
42,126.9,2006,Bureau,Toulouse,191.3,36.5,F
43,115.4,1974,Résidentiel,Nantes,136.3,25.4,G
44,108.0,1951,Bureau,Lyon,180.6,32.0,G
45,60.9,2013,Résidentiel,Nantes,187.6,24.1,E
46,91.2,1984,Industrie,Marseille,135.9,60.3,F
47,101.6,1956,Commerce,Lille,240.8,26.7,F
48,162.3,1967,Résidentiel,Lille,190.6,43.3,G
49,133.7,2016,Industrie,Nantes,212.8,31.1,F
50,49.5,1991,Commerce,Paris,184.1,21.1,D
51,133.0,1988,École,Paris,306.2,37.4,E
52,104.6,1990,Résidentiel,Lyon,215.8,39.8,C
53,92.9,1973,Résidentiel,Paris,150.7,41.7,C
54,144.5,2009,École,Lyon,229.3,5.0,A
55,161.2,1995,École,Toulouse,81.7,20.2,C
56,157.3,1968,Résidentiel,Lyon,,46.5,B
57,86.4,2017,École,Paris,199.1,23.9,F
58,107.6,1991,Bureau,Nantes,187.9,37.4,C
59,133.3,1981,Commerce,Toulouse,,19.9,A
60,159.0,1988,Commerce,Paris,119.3,43.8,A
61,100.8,1985,Commerce,Lyon,132.6,,B
62,112.6,1985,Bureau,Marseille,186.1,43.8,A
63,75.7,1952,École,Lille,,47.4,G
64,72.2,2022,Industrie,Paris,286.2,53.8,D
65,152.5,1957,École,Lyon,40.0,20.9,G
66,174.2,2019,Résidentiel,Toulouse,160.6,25.5,F
67,117.1,1990,Commerce,Paris,186.6,,F
68,160.1,2017,École,Paris,210.4,48.6,F
69,134.5,1962,Industrie,Lille,125.0,26.9,E
70,94.2,1998,Résidentiel,Lyon,248.1,26.1,C
71,134.5,2009,Bureau,Marseille,96.4,27.2,D
72,181.5,1951,Bureau,Toulouse,146.0,15.7,C
73,118.6,2009,Industrie,Lyon,217.2,19.7,D
74,182.6,1954,Résidentiel,Toulouse,242.4,20.0,C
75,20.0,1993,Commerce,Paris,95.8,31.5,B
76,152.9,1976,École,Lille,338.7,38.3,G
77,123.5,1981,Résidentiel,Lille,126.2,40.2,A
78,108.0,1970,Bureau,Nantes,101.3,28.9,A
79,,1957,Industrie,Marseille,210.2,29.2,G
80,40.5,2021,Industrie,Lille,159.1,36.5,B
81,111.2,1999,École,Paris,150.2,17.0,D
82,134.3,2016,Industrie,Marseille,215.7,46.5,G
83,179.1,1993,Industrie,Lyon,88.4,50.4,E
84,,2007,Résidentiel,Lille,77.9,27.5,D
85,87.7,1952,Commerce,Marseille,144.2,30.2,A
86,99.9,2019,École,Paris,244.7,49.9,E
87,156.6,1951,Résidentiel,Nantes,146.8,33.5,C
88,133.2,1993,Commerce,Toulouse,275.9,,E
89,98.8,1951,Résidentiel,Toulouse,252.1,,D
90,140.5,1984,Résidentiel,Paris,197.0,53.7,B
91,123.9,1979,Industrie,Paris,200.4,40.9,C
92,158.7,1957,Commerce,Toulouse,,41.6,D
93,91.9,1971,École,Nantes,189.6,,C
94,106.9,1993,École,Marseille,158.0,28.3,E
95,104.3,2007,Commerce,Toulouse,165.0,29.4,A
96,61.5,1985,Industrie,Paris,115.8,44.2,D
97,131.8,2018,Bureau,Lille,47.4,36.5,B
98,130.4,1980,Résidentiel,Lyon,,20.9,G
99,120.2,1996,Industrie,Nantes,189.4,57.5,E
100,110.6,2004,Commerce,Nantes,,46.7,D
101,63.4,2011,Résidentiel,Lille,203.9,35.5,B
102,103.2,1979,École,Lille,130.3,31.7,D
103,106.3,2004,Bureau,Paris,,37.4,E
104,87.9,1965,École,Toulouse,163.0,41.2,D
105,113.5,1961,Commerce,Marseille,262.1,10.6,C
106,136.2,1966,Résidentiel,Nantes,109.9,60.3,E
107,195.4,1965,Commerce,Nantes,40.0,25.5,D
108,127.0,1961,Résidentiel,Lille,148.7,35.0,G
109,130.3,1957,Industrie,Toulouse,248.6,35.4,A
110,117.0,1952,Bureau,Nantes,76.0,59.0,D
111,43.2,1965,Industrie,Marseille,109.2,33.9,C
112,118.9,1979,Industrie,Lille,195.8,54.1,B
113,,1972,Commerce,Marseille,334.2,39.9,G
114,,1954,Bureau,Toulouse,98.5,23.5,B
115,112.3,2014,Résidentiel,Nantes,96.2,36.6,G
116,132.1,1979,Résidentiel,Lyon,200.3,33.6,B
117,118.6,1970,École,Nantes,252.3,22.0,A
118,73.3,2019,Résidentiel,Toulouse,142.6,,C
119,165.7,1971,Commerce,Nantes,82.7,35.3,E
120,150.1,2021,Industrie,Nantes,206.0,41.7,B
121,151.6,1981,Industrie,Paris,216.9,37.3,G
122,83.6,1982,Industrie,Nantes,286.7,27.2,C
123,,1965,Bureau,Nantes,219.4,44.2,D
124,63.9,1987,Résidentiel,Marseille,229.7,27.5,A
125,143.5,1963,Commerce,Lyon,164.3,5.0,C
126,,1985,Bureau,Marseille,326.5,36.5,C
127,80.4,1972,École,Marseille,,,E
128,97.3,2015,Commerce,Lille,143.3,39.6,C
129,124.0,1951,Commerce,Paris,288.6,59.0,E
130,99.9,2022,Commerce,Marseille,91.5,,A
131,58.0,2014,Industrie,Toulouse,69.2,33.0,A
132,122.7,2016,Commerce,Toulouse,187.2,25.1,D
133,77.5,2001,Résidentiel,Nantes,179.9,42.0,E
134,138.9,2011,Commerce,Lille,166.3,30.6,E
135,83.2,1972,Industrie,Paris,,39.7,B
136,182.0,1975,Commerce,Paris,125.5,27.1,B
137,88.7,2017,École,Nantes,183.9,38.0,D
138,107.1,2004,École,Toulouse,158.4,25.3,A
139,152.5,1955,Industrie,Lyon,,49.2,F
140,70.8,1984,Résidentiel,Lille,,27.9,B
141,129.1,1971,Résidentiel,Nantes,231.2,42.9,C
142,172.3,1992,Bureau,Lille,307.2,19.8,A
143,55.7,1964,Industrie,Toulouse,214.8,44.4,F
144,127.4,2009,Commerce,Toulouse,40.0,23.4,C
145,130.4,1961,Industrie,Lyon,,38.1,G
146,151.3,1998,Bureau,Lyon,183.0,47.3,E
147,70.5,1991,Industrie,Paris,236.2,32.6,A
148,67.2,1987,Industrie,Lille,191.1,22.6,G
149,140.9,1994,Bureau,Lille,255.2,41.0,D
150,131.9,1984,Résidentiel,Toulouse,203.5,24.9,E
151,130.0,1979,Commerce,Paris,273.5,30.1,E
152,133.9,1979,Bureau,Nantes,153.7,38.2,C
153,92.8,1955,École,Lille,188.7,51.3,G
154,129.3,2016,Résidentiel,Paris,229.6,35.3,E
155,131.7,1956,École,Paris,145.7,35.3,B
156,91.4,2001,Résidentiel,Toulouse,132.6,43.9,A
157,194.6,1963,Commerce,Paris,142.2,35.6,B
158,139.0,2022,Commerce,Lyon,,42.6,C
159,72.3,1964,Industrie,Lyon,211.4,47.9,F
160,146.3,1970,École,Marseille,69.9,,C
161,,1984,Résidentiel,Toulouse,86.6,5.0,A
162,151.5,2015,Commerce,Nantes,291.8,25.2,E
163,166.3,1951,Bureau,Marseille,136.5,49.5,G
164,87.2,1984,Commerce,Lyon,192.0,34.6,G
165,158.5,1969,Bureau,Marseille,90.7,30.9,D
166,136.5,1959,Résidentiel,Toulouse,185.6,49.0,C
167,152.9,1974,Commerce,Toulouse,136.9,33.8,A
168,,2015,Commerce,Paris,86.2,9.9,D
169,,1974,Résidentiel,Lille,,16.9,E
170,89.9,2003,Commerce,Paris,251.0,40.0,F
171,84.4,1982,Bureau,Toulouse,173.6,34.2,C
172,87.4,1985,Commerce,Lyon,240.0,52.5,F
173,,1963,École,Nantes,294.2,26.2,A
174,133.6,2014,Industrie,Lyon,225.2,31.3,F
175,131.1,2003,Bureau,Paris,208.8,24.4,F
176,153.1,2001,École,Nantes,191.9,28.8,A
177,120.5,1952,Résidentiel,Toulouse,,12.3,A
178,178.1,1990,Bureau,Lyon,158.2,,C
179,109.4,1955,Industrie,Toulouse,163.4,34.4,F
180,228.8,1974,Industrie,Nantes,207.1,33.4,D
181,145.0,1962,Résidentiel,Nantes,151.6,60.8,A
182,85.7,1957,Résidentiel,Lyon,158.1,,E
183,77.2,1970,Bureau,Toulouse,180.0,26.0,F
184,139.3,2017,Commerce,Marseille,249.0,10.5,A
185,111.1,1974,Résidentiel,Toulouse,112.0,33.8,D
186,148.6,2017,Commerce,Nantes,225.6,39.5,G
187,138.9,1994,École,Toulouse,227.5,24.7,C
188,117.1,2009,Industrie,Paris,227.1,25.3,F
189,86.1,1961,Commerce,Marseille,,54.0,G
190,59.4,1981,Industrie,Lille,,31.9,A
191,102.1,1962,Commerce,Paris,213.6,42.9,A
192,154.3,1980,École,Lille,191.3,23.8,E
193,128.6,1969,Résidentiel,Lyon,240.3,34.3,E
194,70.2,1967,École,Lille,138.0,31.0,F
195,126.9,2009,Résidentiel,Toulouse,,26.9,G
196,135.4,2012,Résidentiel,Lille,243.3,48.9,G
197,84.6,1955,Industrie,Nantes,174.3,,A
198,126.1,1981,École,Paris,205.0,38.6,F
199,122.3,1992,Commerce,Paris,202.9,30.7,A
200,74.3,1951,École,Lille,130.7,40.0,E
201,,2009,Industrie,Paris,211.9,30.9,D
202,142.4,1972,Résidentiel,Nantes,277.3,45.4,B
203,,1980,Industrie,Paris,181.3,,B
204,162.2,1954,Bureau,Lille,92.3,48.9,A
205,64.9,1983,Bureau,Marseille,138.8,34.7,G
206,82.5,1959,Commerce,Marseille,73.2,19.1,E
207,140.6,1951,Industrie,Lyon,257.4,43.2,C
208,140.6,1960,Commerce,Paris,225.8,32.6,C
209,140.6,1999,Commerce,Lille,149.9,14.5,B
210,274.1,1980,Bureau,Paris,94.9,39.0,D
211,142.8,2005,Commerce,Toulouse,,47.1,B
212,165.4,2022,Bureau,Nantes,141.7,50.4,A
213,158.2,1958,Résidentiel,Paris,186.6,30.5,D
214,146.1,1970,Industrie,Paris,184.5,36.7,C
215,107.4,2022,Commerce,Marseille,260.5,35.6,G
216,,1977,Bureau,Nantes,,52.9,E
217,89.1,2011,École,Lille,89.5,25.3,E
218,110.5,1956,Commerce,Paris,110.6,29.4,A
219,100.6,1965,Résidentiel,Marseille,178.6,25.0,B
220,123.3,1953,Résidentiel,Lyon,136.3,17.6,A
221,212.6,1953,École,Nantes,162.5,38.0,E
222,45.3,1989,Bureau,Marseille,152.8,54.2,C
223,147.5,1966,Commerce,Marseille,,,E
224,55.5,2001,Bureau,Marseille,,24.4,D
225,101.1,2001,Résidentiel,Paris,,37.2,G
226,163.6,1985,Bureau,Paris,,42.1,G
227,122.6,1987,Résidentiel,Lyon,146.1,33.1,F
228,76.9,1999,Bureau,Toulouse,205.4,51.8,E
229,91.4,2012,École,Toulouse,199.9,25.3,E
230,,2012,Industrie,Toulouse,188.5,31.6,G
231,90.8,2011,École,Nantes,111.9,38.6,F
232,128.7,1956,École,Nantes,253.8,39.7,D
233,121.8,1976,Industrie,Lyon,313.2,35.6,B
234,93.9,1963,Industrie,Nantes,180.5,19.7,E
235,205.8,2020,Commerce,Toulouse,117.2,63.1,G
236,145.4,1954,Commerce,Toulouse,181.7,32.2,A
237,39.0,2004,École,Marseille,239.4,,E
238,127.5,1951,École,Nantes,143.1,42.4,A
239,,2011,Résidentiel,Paris,172.3,27.4,D
240,,1970,Résidentiel,Paris,200.4,35.7,E
241,88.3,1970,Commerce,Marseille,252.2,26.9,G
242,115.4,1959,Commerce,Marseille,226.5,40.0,D
243,140.2,2007,Résidentiel,Marseille,229.0,31.7,D
244,154.6,1988,Résidentiel,Paris,154.4,38.2,B
245,72.0,1954,Bureau,Toulouse,204.1,22.4,E
246,106.6,2014,Bureau,Marseille,136.7,25.1,A
247,101.0,1962,Résidentiel,Lyon,230.7,18.6,A
248,93.9,2002,Bureau,Marseille,249.1,26.5,E
249,190.6,1994,Industrie,Lille,213.2,5.0,F
250,136.2,1981,Commerce,Marseille,158.0,,B
251,69.6,1985,Commerce,Paris,167.8,28.6,B
252,156.7,2009,Résidentiel,Nantes,288.4,36.8,B
253,204.9,1960,École,Marseille,159.0,35.5,A
254,161.3,2012,Résidentiel,Nantes,243.0,50.1,D
255,59.2,1970,Bureau,Lille,200.3,66.1,G
256,100.6,2001,École,Lyon,160.0,48.7,F
257,170.7,2004,Bureau,Nantes,99.3,29.6,B
258,91.7,1975,Industrie,Toulouse,192.7,29.1,A
259,137.8,2017,Bureau,Marseille,185.5,45.4,A
260,151.0,1983,Industrie,Lille,,14.8,D
261,,2001,Industrie,Lille,128.4,,E
262,117.6,2001,Bureau,Nantes,317.7,32.1,E
263,,1978,Bureau,Lyon,202.7,42.0,G
264,79.0,1987,Industrie,Paris,202.7,42.4,G
265,109.9,1991,École,Marseille,144.4,26.1,B
266,70.1,1970,Industrie,Lille,198.9,30.0,G
267,185.3,1991,Commerce,Lyon,208.4,40.3,B
268,62.8,1962,Industrie,Toulouse,236.2,25.4,F
269,102.4,2013,École,Lille,121.3,49.5,G
270,125.2,1966,Commerce,Lyon,264.4,42.3,D
271,177.7,1958,Résidentiel,Paris,201.7,37.1,B
272,62.6,1990,Résidentiel,Paris,216.5,39.7,D
273,166.5,1950,École,Lille,166.7,29.4,A
274,120.4,1951,Industrie,Lille,124.3,27.5,B
275,80.7,2009,Bureau,Nantes,184.4,29.9,A
276,138.5,1997,École,Marseille,191.2,41.0,C
277,128.0,1978,Commerce,Lyon,96.9,37.4,D
278,96.0,1959,Commerce,Lille,227.6,29.9,C
279,122.8,2007,Résidentiel,Marseille,239.8,44.0,B
280,104.6,2009,Commerce,Nantes,,32.9,A
281,124.5,1970,École,Marseille,118.6,26.7,B
282,146.5,1977,Commerce,Lille,161.8,38.1,C
283,183.4,1983,École,Paris,181.4,22.8,B
284,70.5,1957,Bureau,Lyon,164.1,14.8,F
285,205.3,2008,Résidentiel,Lyon,176.3,34.9,E
286,41.9,2021,Commerce,Paris,193.3,27.1,C
287,113.9,1998,École,Lille,97.9,32.0,B
288,143.5,1966,Industrie,Lyon,104.8,23.4,A
289,131.2,2009,Résidentiel,Lille,40.0,49.5,B
290,95.1,1994,Bureau,Nantes,236.6,27.1,A
291,111.7,2018,École,Lille,180.9,29.8,E
292,100.3,1981,Bureau,Marseille,242.9,39.5,B
293,96.4,1993,Bureau,Paris,111.7,18.5,G
294,154.0,2014,Commerce,Lille,181.5,17.6,G
295,134.3,1957,Commerce,Nantes,192.9,39.6,E
296,92.3,2021,École,Toulouse,146.3,29.7,C
297,156.0,1992,Industrie,Paris,86.8,24.2,A
298,132.3,1950,École,Lyon,,,G
299,152.5,2000,Industrie,Marseille,,25.3,F
300,145.2,1973,Bureau,Lyon,157.1,31.7,C
301,86.8,1973,Résidentiel,Nantes,210.6,24.2,A
302,,1966,École,Nantes,,38.6,E
303,149.9,1954,École,Lyon,120.3,51.0,G
304,144.4,1969,Industrie,Paris,289.6,12.7,D
305,,1970,Bureau,Lyon,80.7,36.4,B
306,124.7,2007,Bureau,Lille,162.9,45.3,E
307,171.1,1980,Industrie,Lyon,185.1,29.9,A
308,96.3,1960,Bureau,Marseille,279.1,21.4,A
309,141.9,2001,Commerce,Marseille,233.8,40.1,A
310,111.9,1964,Résidentiel,Toulouse,79.7,47.0,A
311,111.3,1956,École,Marseille,179.8,45.7,B
312,164.0,1977,Résidentiel,Lyon,181.3,39.4,C
313,153.0,2000,École,Marseille,166.3,36.2,F
314,152.5,2007,Commerce,Paris,217.2,24.2,D
315,172.2,1954,Bureau,Marseille,95.5,45.4,B
316,120.8,1954,Industrie,Lille,155.5,44.7,A
317,147.3,1957,Commerce,Paris,208.7,21.3,B
318,107.6,2013,Résidentiel,Toulouse,220.8,39.4,E
319,133.0,1959,Industrie,Lille,189.0,42.8,F
320,114.8,1987,Bureau,Lyon,162.7,45.6,A
321,,1957,Commerce,Lyon,172.8,34.1,D
322,143.8,1974,Industrie,Lyon,224.4,24.7,A
323,87.3,2022,Commerce,Lille,182.0,29.0,F
324,203.7,2015,Commerce,Lille,117.5,22.9,D
325,79.8,1999,Bureau,Lille,106.0,34.4,F
326,,2016,École,Paris,90.6,32.0,D
327,166.3,1998,Industrie,Nantes,267.3,60.7,C
328,151.7,1985,Bureau,Paris,228.4,45.7,G
329,145.0,2017,Commerce,Lyon,173.6,46.6,C
330,145.1,1990,Bureau,Nantes,,,B
331,119.5,2011,École,Marseille,145.6,30.6,B
332,84.1,1959,Industrie,Lyon,245.6,,D
333,123.0,1970,École,Toulouse,294.3,32.8,A
334,92.9,1985,Résidentiel,Paris,143.7,37.3,G
335,,1961,Industrie,Lille,248.3,39.7,E
336,114.1,1951,École,Paris,181.7,35.0,E
337,87.0,1962,Commerce,Lille,167.3,31.5,A
338,107.1,2002,Industrie,Nantes,270.3,27.9,A
339,136.5,1981,Industrie,Toulouse,179.4,18.3,C
340,,1965,Bureau,Nantes,197.8,50.4,E
341,87.1,1981,Commerce,Toulouse,194.9,61.5,D
342,129.7,1981,Résidentiel,Paris,82.5,49.4,F
343,129.8,1960,École,Lille,197.3,19.9,B
344,99.7,1959,Bureau,Nantes,146.2,44.4,F
345,101.2,1964,École,Toulouse,94.7,47.3,C
346,129.3,1966,Résidentiel,Lyon,149.0,30.2,E
347,62.1,1989,Résidentiel,Lyon,148.5,40.9,G
348,63.7,1967,Industrie,Nantes,241.8,29.5,A
349,91.3,2004,Résidentiel,Lille,116.2,53.3,G
350,,2022,École,Nantes,132.6,39.4,G
351,132.4,1974,Commerce,Paris,194.1,24.0,E
352,179.0,2008,Commerce,Toulouse,100.5,43.0,D
353,154.3,1971,Industrie,Paris,140.5,,C
354,113.6,1979,École,Lyon,80.1,37.4,A
355,119.2,1993,École,Toulouse,235.2,40.8,F
356,79.9,1981,Résidentiel,Nantes,161.9,34.2,D
357,119.3,2000,École,Paris,179.0,21.4,F
358,108.5,1995,Bureau,Marseille,235.0,33.2,B
359,132.9,1970,Résidentiel,Lille,136.7,41.3,C
360,86.9,1981,Bureau,Lille,161.3,33.5,D
361,140.8,1988,Industrie,Marseille,116.6,44.6,D
362,181.3,1961,Commerce,Lyon,116.5,30.3,F
363,115.6,1996,Industrie,Toulouse,,31.1,A
364,136.1,1967,Commerce,Lille,150.5,45.0,B
365,147.6,1970,Industrie,Marseille,156.9,37.7,F
366,104.0,1962,École,Nantes,197.3,,D
367,,1970,Bureau,Marseille,126.5,47.4,C
368,120.5,1957,Commerce,Lyon,199.2,26.7,D
369,123.9,1995,Résidentiel,Lyon,209.1,26.3,E
370,89.1,1956,Bureau,Paris,151.9,5.0,C
371,121.0,1972,Résidentiel,Lille,131.7,28.4,C
372,139.9,1971,Bureau,Paris,185.1,50.7,D
373,178.0,1971,Bureau,Marseille,167.8,,A
374,158.4,1978,Industrie,Toulouse,193.2,23.6,C
375,206.1,1962,Commerce,Toulouse,274.2,40.3,E
376,89.3,1951,Commerce,Lyon,184.1,8.1,F
377,,1978,Bureau,Toulouse,141.6,28.9,A
378,127.3,2001,École,Toulouse,126.5,48.7,A
379,207.6,1976,École,Toulouse,128.9,59.5,A
380,,1999,Résidentiel,Marseille,92.2,,C
381,86.4,1972,Résidentiel,Toulouse,236.0,23.9,A
382,96.0,1993,Industrie,Nantes,46.0,23.5,D
383,35.0,1971,Bureau,Toulouse,209.3,36.7,A
384,99.0,1992,Résidentiel,Toulouse,127.9,,E
385,89.6,1986,Résidentiel,Paris,149.3,57.3,B
386,126.0,2010,Bureau,Marseille,126.1,46.6,E
387,133.7,2005,Industrie,Lyon,266.8,36.0,C
388,195.0,1952,Résidentiel,Paris,181.0,,A
389,,2012,Industrie,Lille,227.4,71.2,A
390,96.9,1968,Commerce,Marseille,258.0,,D
391,84.1,1972,Industrie,Nantes,189.8,27.0,F
392,139.7,1978,École,Marseille,108.3,32.3,A
393,67.2,1979,École,Lille,166.8,24.5,G
394,193.3,1988,Industrie,Lille,135.5,6.1,E
395,167.2,1974,École,Lille,149.8,38.8,C
396,101.2,1957,Commerce,Lyon,174.3,56.4,B
397,51.5,2007,Bureau,Toulouse,172.0,15.4,A
398,174.2,1965,École,Marseille,204.7,,B
399,115.4,2021,École,Toulouse,213.4,,A
400,169.5,1950,Industrie,Toulouse,,41.3,C
401,56.2,1954,Commerce,Nantes,204.2,32.9,F
402,96.0,1952,Bureau,Lille,147.0,18.7,E
403,120.2,2014,Industrie,Lyon,258.9,23.2,C
404,121.9,1953,Industrie,Nantes,146.1,25.0,B
405,102.0,2013,Commerce,Paris,251.8,51.1,A
406,144.9,1959,Bureau,Lyon,91.4,50.5,B
407,77.3,1970,Commerce,Toulouse,157.2,31.3,E
408,114.3,1995,Bureau,Lyon,160.1,49.7,G
409,124.8,1976,Commerce,Lille,196.7,32.9,C
410,140.6,2015,Industrie,Paris,231.7,31.1,B
411,148.5,1990,Industrie,Lille,105.0,35.7,B
412,75.0,1962,Résidentiel,Paris,113.5,38.4,E
413,58.6,1958,École,Nantes,95.9,28.3,G
414,171.1,1985,Commerce,Toulouse,259.2,35.3,A
415,133.3,2007,Résidentiel,Paris,197.9,44.4,G
416,,2003,École,Paris,114.9,36.6,B
417,182.0,1961,Commerce,Paris,153.4,35.5,E
418,124.6,1963,Bureau,Lyon,250.9,40.9,A
419,167.2,1983,École,Nantes,163.3,43.0,G
420,122.7,2002,Industrie,Lyon,159.8,,G
421,202.4,1969,Résidentiel,Toulouse,133.1,29.3,G
422,190.2,1965,École,Paris,118.5,37.3,F
423,110.0,2019,École,Nantes,,15.9,A
424,158.9,2005,Industrie,Nantes,280.4,32.5,G
425,145.8,2007,Commerce,Marseille,120.9,5.3,F
426,174.7,1953,Bureau,Toulouse,264.3,14.9,C
427,81.4,1953,Industrie,Nantes,150.8,13.1,E
428,147.4,1969,Bureau,Paris,212.0,47.6,G
429,162.3,1959,Commerce,Paris,264.6,35.2,A
430,49.7,1973,École,Nantes,171.3,19.9,F
431,72.7,1975,Bureau,Lyon,160.3,40.9,F
432,38.4,1986,Résidentiel,Toulouse,228.1,46.9,C
433,,2003,Résidentiel,Paris,113.4,41.1,D
434,148.7,1970,Industrie,Nantes,248.8,,E
435,180.1,1987,Commerce,Paris,188.6,37.8,D
436,123.0,1995,Industrie,Nantes,145.3,45.8,A
437,185.1,1953,Industrie,Toulouse,143.7,29.4,E
438,64.8,2009,Industrie,Nantes,97.0,35.4,C
439,,2006,Résidentiel,Marseille,147.8,31.9,A
440,117.8,1994,Résidentiel,Nantes,164.2,15.6,E
441,135.4,1969,Industrie,Nantes,116.3,46.0,E
442,,1966,Résidentiel,Toulouse,177.3,59.7,D
443,37.3,2020,Commerce,Nantes,208.4,24.5,A
444,116.4,1953,Industrie,Toulouse,167.2,46.6,C
445,67.8,1963,Résidentiel,Marseille,,24.9,C
446,146.8,1952,Bureau,Toulouse,131.6,36.6,A
447,134.7,2007,Industrie,Paris,240.2,53.1,A
448,82.4,2004,Industrie,Toulouse,187.3,,F
449,99.4,1953,Commerce,Marseille,272.7,34.8,B
450,77.6,1973,École,Lille,,13.4,D
451,,1983,École,Nantes,,27.0,A
452,158.2,1979,Commerce,Toulouse,154.3,12.1,A
453,80.6,1968,Commerce,Nantes,165.2,40.2,B
454,140.2,1980,Commerce,Lyon,215.7,45.0,B
455,98.8,2009,École,Paris,259.6,32.3,E
456,,2009,Commerce,Paris,140.8,38.4,G
457,115.7,1968,Résidentiel,Lyon,,31.1,C
458,78.6,1998,Industrie,Lyon,171.8,43.9,D
459,97.9,2012,Industrie,Toulouse,217.1,36.6,E
460,72.1,1971,Bureau,Lyon,270.6,11.2,A
461,198.6,1973,Bureau,Lille,165.6,46.3,B
462,121.4,1979,Industrie,Nantes,79.8,30.3,F
463,92.0,2007,Résidentiel,Nantes,224.6,19.8,C
464,128.6,1980,École,Marseille,130.0,29.7,E
465,115.5,2013,École,Lyon,171.4,12.2,F
466,111.2,1968,Résidentiel,Lyon,227.2,20.0,C
467,144.6,1997,École,Lille,197.8,,G
468,150.3,1994,Commerce,Paris,173.9,37.7,G
469,98.8,2004,Industrie,Paris,145.4,38.7,F
470,97.0,2004,Industrie,Nantes,40.0,35.0,B
471,109.0,1967,Résidentiel,Nantes,221.9,26.7,E
472,27.9,2012,École,Toulouse,164.8,,E
473,59.4,1996,Bureau,Lille,270.8,29.8,G
474,174.7,2006,Bureau,Marseille,203.9,15.5,C
475,185.8,1994,École,Marseille,147.5,25.7,F
476,110.0,1982,Bureau,Lille,244.0,45.7,B
477,143.1,1966,Résidentiel,Marseille,249.1,54.1,A
478,132.5,2019,Résidentiel,Paris,166.9,42.8,E
479,243.2,1953,École,Marseille,251.6,53.5,A
480,164.8,1969,Bureau,Marseille,146.7,,B
481,,1996,Résidentiel,Lille,189.6,,G
482,81.8,1964,Résidentiel,Lille,214.3,59.7,E
483,,2019,Commerce,Marseille,227.1,14.2,E
484,128.1,1996,Commerce,Lyon,217.3,37.7,F
485,89.7,1958,Résidentiel,Lille,160.0,36.0,A
486,63.1,1965,École,Toulouse,245.6,29.9,G
487,94.1,2018,Industrie,Toulouse,172.5,40.9,F
488,76.7,2010,Industrie,Paris,,35.5,D
489,187.5,1959,Résidentiel,Marseille,146.7,26.2,A
490,155.3,1999,Résidentiel,Lyon,296.4,34.7,A
491,119.7,1952,Résidentiel,Paris,135.5,49.5,D
492,179.2,2019,École,Marseille,257.5,37.2,B
493,123.1,2000,Commerce,Lille,111.9,42.5,B
494,85.5,1968,Résidentiel,Toulouse,209.3,31.7,E
495,180.9,1991,Résidentiel,Nantes,,40.4,C
496,141.6,1984,Bureau,Lyon,277.3,20.5,F
497,78.5,1995,École,Nantes,140.7,29.0,C
498,112.4,1975,Résidentiel,Toulouse,124.2,33.8,E
499,85.0,2018,Bureau,Nantes,173.0,19.7,C
500,64.7,2013,Industrie,Lille,279.9,25.0,A
501,157.0,1986,Résidentiel,Marseille,127.0,38.8,A
502,196.4,1998,Résidentiel,Lille,40.0,36.6,D
503,64.1,1970,Bureau,Nantes,183.6,44.7,D
504,142.5,2013,École,Lille,237.0,,E
505,,1954,Résidentiel,Toulouse,119.2,35.7,E
506,100.5,2019,Industrie,Lyon,230.9,,G
507,96.3,1953,Résidentiel,Lille,117.8,43.5,E
508,85.4,1988,Industrie,Toulouse,171.2,49.3,A
509,121.9,1984,Commerce,Lyon,225.2,40.8,C
510,86.8,1950,Commerce,Marseille,,47.7,F
511,130.8,1973,Industrie,Nantes,,35.4,G
512,118.0,2006,École,Marseille,252.9,44.7,G
513,110.4,2019,Résidentiel,Paris,208.4,35.9,G
514,83.7,1990,Résidentiel,Toulouse,136.8,22.7,E
515,96.9,2003,Commerce,Lyon,271.1,38.0,E
516,150.2,1995,Industrie,Lille,219.5,,A
517,140.0,2009,Résidentiel,Marseille,68.4,63.1,F
518,80.9,2009,Résidentiel,Lyon,231.9,31.0,A
519,124.0,2006,École,Toulouse,145.7,42.7,F
520,150.1,1980,Bureau,Paris,191.8,34.9,A
521,53.2,1973,Commerce,Marseille,240.5,20.2,C
522,141.7,1985,Commerce,Nantes,147.0,,E
523,93.5,1979,Bureau,Lyon,81.3,44.0,B
524,142.8,1973,Résidentiel,Nantes,270.3,53.6,B
525,89.5,1979,École,Lyon,249.9,26.2,E
526,,1956,École,Lyon,174.8,15.1,G
527,54.9,1984,Commerce,Toulouse,231.2,31.1,E
528,121.9,2004,École,Toulouse,157.8,23.8,E
529,130.4,1963,Bureau,Toulouse,185.8,27.2,E
530,83.8,1959,Résidentiel,Lille,171.3,42.3,G
531,,1965,Bureau,Lyon,160.3,34.4,F
532,53.5,2003,Industrie,Marseille,201.6,,C
533,117.4,2019,Commerce,Nantes,107.5,42.1,B
534,71.6,1993,École,Toulouse,164.9,43.0,D
535,93.9,2022,Industrie,Toulouse,198.9,31.0,B
536,121.9,1994,École,Nantes,290.3,,B
537,85.6,2005,Résidentiel,Nantes,109.9,41.2,G
538,104.6,2006,Résidentiel,Lyon,211.2,40.1,A
539,,1970,Résidentiel,Toulouse,217.8,35.5,E
540,96.9,2017,École,Nantes,67.4,52.2,E
541,153.4,1999,Industrie,Lille,204.6,42.0,E
542,,1982,Résidentiel,Lille,232.8,29.6,A
543,141.2,1956,Industrie,Toulouse,215.3,29.7,G
544,177.7,2019,École,Nantes,175.0,28.3,C
545,,1964,Industrie,Lyon,200.0,42.6,C
546,88.1,1981,École,Lyon,190.2,27.5,G
547,143.1,1969,École,Lyon,78.6,29.9,D
548,111.9,1964,Commerce,Paris,191.6,47.7,C
549,134.8,1997,École,Toulouse,158.0,37.3,G
550,95.8,2020,École,Lyon,137.7,49.4,C
551,123.5,1970,Bureau,Lille,329.1,44.6,E
552,113.8,1991,Résidentiel,Nantes,255.2,20.9,F
553,166.7,1975,Commerce,Marseille,111.0,,G
554,130.2,1963,Commerce,Marseille,200.8,46.9,B
555,133.5,2006,Commerce,Lyon,267.5,20.3,C
556,103.5,1986,Bureau,Marseille,90.2,40.0,C
557,100.5,2007,École,Marseille,184.6,34.5,A
558,,1970,Résidentiel,Paris,187.4,13.9,D
559,135.8,2018,Industrie,Lille,103.5,36.4,F
560,103.2,1952,École,Lille,202.8,25.0,A
561,,1986,Bureau,Paris,247.0,21.0,E
562,203.0,1998,École,Paris,,35.1,B
563,154.8,1968,École,Marseille,165.0,11.8,D
564,107.0,1961,Bureau,Toulouse,330.1,26.9,A
565,168.0,2010,Commerce,Nantes,56.5,,G
566,103.7,1990,Commerce,Nantes,201.4,42.8,C
567,38.5,1982,Résidentiel,Marseille,95.3,,C
568,79.7,1999,Résidentiel,Nantes,185.4,51.8,D
569,,2017,Commerce,Paris,148.7,23.1,C
570,105.9,2020,Industrie,Lille,,,G
571,120.7,1982,École,Nantes,172.4,21.2,A
572,187.1,1973,Industrie,Marseille,130.4,38.1,A
573,133.1,2010,École,Toulouse,,51.4,C
574,111.2,2010,Commerce,Marseille,295.9,23.0,C
575,153.2,1977,Résidentiel,Lyon,206.6,,E
576,31.6,2007,Résidentiel,Marseille,77.9,48.1,B
577,129.4,1992,Industrie,Paris,213.0,53.6,D
578,150.8,1990,Résidentiel,Lille,168.3,11.1,A
579,,1988,Commerce,Lille,180.3,40.5,D
580,165.8,1998,Industrie,Nantes,229.2,37.7,E
581,133.5,1966,École,Paris,251.0,25.6,A
582,103.4,2019,Résidentiel,Lyon,128.5,,E
583,145.3,2019,Bureau,Paris,178.2,46.9,E
584,210.8,2014,Résidentiel,Marseille,147.2,37.1,F
585,127.3,1954,École,Paris,215.8,38.1,C
586,129.9,1951,Industrie,Paris,166.1,27.5,G
587,101.6,1971,École,Lyon,181.8,25.4,F
588,86.0,2006,Bureau,Marseille,163.8,5.5,D
589,153.2,2015,Commerce,Toulouse,173.6,32.3,G
590,85.8,1965,Résidentiel,Toulouse,282.3,52.3,D
591,122.9,2000,Industrie,Lille,323.4,24.3,C
592,100.9,1988,Commerce,Nantes,202.6,16.7,G
593,139.2,1989,École,Paris,174.0,40.2,F
594,133.3,1987,Industrie,Lille,84.3,,D
595,161.5,2009,Commerce,Lyon,134.4,28.0,F
596,,2008,Industrie,Toulouse,172.4,30.8,C
597,109.2,1959,Bureau,Paris,137.1,38.2,G
598,80.8,2013,Bureau,Lyon,143.4,,G
599,102.2,2012,Résidentiel,Nantes,274.5,47.0,A
600,135.1,1998,Résidentiel,Lyon,181.7,64.2,E
601,150.3,2013,Bureau,Paris,187.1,14.5,E
602,83.1,1981,Industrie,Nantes,139.5,49.8,F
603,154.8,1956,Bureau,Lyon,250.7,36.3,G
604,174.2,1970,Résidentiel,Nantes,167.2,51.7,D
605,136.5,1969,Bureau,Paris,148.7,43.7,F
606,195.1,1975,Bureau,Paris,,35.7,F
607,89.0,2017,Industrie,Nantes,176.3,44.1,B
608,70.2,1964,Commerce,Marseille,146.9,30.3,G
609,48.9,1963,Résidentiel,Lille,281.1,25.7,E
610,179.8,1976,Industrie,Lyon,290.6,44.7,G
611,146.2,1989,Bureau,Lyon,,24.9,C
612,117.8,2007,Bureau,Marseille,112.7,42.7,F
613,131.2,1977,Commerce,Marseille,163.4,35.4,B
614,75.0,1975,Résidentiel,Marseille,,7.0,B
615,217.8,2012,Résidentiel,Toulouse,193.0,28.1,E
616,125.2,2015,École,Toulouse,160.4,39.0,E
617,124.4,1974,Résidentiel,Nantes,196.8,30.1,E
618,149.0,1952,Commerce,Toulouse,,5.0,C
619,139.2,2021,École,Paris,116.1,50.8,B
620,129.0,1993,École,Nantes,239.7,37.0,D
621,88.4,1991,Bureau,Lyon,136.3,40.3,C
622,138.9,1955,Bureau,Lille,308.9,29.3,A
623,195.3,1988,Résidentiel,Paris,277.3,41.4,F
624,173.8,2001,École,Lyon,173.2,,E
625,183.7,1972,Bureau,Lyon,122.2,26.2,B
626,99.6,1999,Commerce,Nantes,110.7,55.0,F
627,80.4,1992,Bureau,Marseille,232.4,39.8,G
628,115.0,1968,Bureau,Marseille,178.2,24.6,C
629,122.2,2018,École,Paris,235.6,61.5,A
630,163.8,2000,École,Marseille,312.3,39.7,G
631,52.3,1960,Industrie,Lyon,133.8,,C
632,181.2,1961,Commerce,Marseille,106.2,31.8,C
633,113.7,1957,École,Toulouse,191.6,25.4,D
634,102.9,1973,Résidentiel,Marseille,248.7,37.0,F
635,79.5,1990,Commerce,Lyon,123.6,54.0,D
636,53.8,1985,Commerce,Nantes,182.1,31.3,C
637,152.9,2021,École,Paris,262.2,34.7,A
638,122.9,2004,Commerce,Lille,82.0,52.5,B
639,68.4,1958,École,Marseille,194.1,31.4,B
640,68.2,1996,Bureau,Lyon,147.6,41.1,G
641,106.6,1964,Industrie,Lille,187.4,45.5,F
642,,1997,Bureau,Lille,222.6,32.6,E
643,,1991,École,Toulouse,193.2,38.7,E
644,59.9,2009,École,Lille,119.4,42.9,B
645,110.2,2019,Bureau,Nantes,149.9,30.2,C
646,109.1,1961,Résidentiel,Lyon,265.6,44.8,C
647,20.0,1951,Résidentiel,Lyon,199.7,28.4,D
648,117.8,1956,Résidentiel,Marseille,230.4,26.9,F
649,110.8,1952,École,Marseille,195.0,16.7,D
650,147.8,1952,Commerce,Marseille,228.5,29.0,E
651,194.0,1976,École,Nantes,156.2,25.2,B
652,165.1,1989,Commerce,Lille,133.9,30.2,G
653,109.2,1982,Bureau,Lille,225.8,42.3,C
654,75.7,1950,Industrie,Toulouse,247.6,14.3,B
655,222.9,1957,Commerce,Nantes,125.1,,A
656,122.4,1981,Résidentiel,Marseille,145.4,26.0,B
657,120.6,1997,École,Paris,170.2,40.5,A
658,,1953,Bureau,Toulouse,277.2,38.5,D
659,127.9,2019,Résidentiel,Paris,213.8,25.8,D
660,114.2,1968,Bureau,Lille,100.6,49.0,E
661,97.1,1981,Industrie,Toulouse,174.4,27.1,B
662,98.1,1958,École,Toulouse,165.2,40.5,B
663,118.7,1961,École,Lyon,109.6,30.6,A
664,98.3,1960,Industrie,Lille,173.7,24.6,D
665,91.5,1995,École,Lille,162.6,27.7,A
666,124.3,1965,Commerce,Nantes,158.3,43.8,D
667,109.8,1950,Bureau,Toulouse,155.6,,A
668,180.2,2012,Résidentiel,Lille,,46.6,D
669,20.0,1970,Industrie,Toulouse,158.2,39.3,A
670,,1979,Commerce,Nantes,183.0,15.7,G
671,169.8,1962,Résidentiel,Nantes,176.5,60.4,D
672,37.1,1983,Résidentiel,Lyon,,39.5,F
673,106.3,1953,Industrie,Toulouse,184.8,41.2,A
674,105.1,1977,Commerce,Lille,183.9,30.5,B
675,63.7,2008,Résidentiel,Lille,184.8,48.4,E
676,88.9,1976,Résidentiel,Toulouse,128.4,21.9,F
677,,2018,Commerce,Toulouse,167.6,42.3,F
678,190.1,1974,École,Toulouse,225.6,10.0,A
679,157.4,1952,Résidentiel,Marseille,169.2,43.1,E
680,170.9,2017,Bureau,Lille,189.7,22.0,B
681,148.9,1974,Commerce,Nantes,190.0,,F
682,74.8,1969,Résidentiel,Lille,205.0,51.3,B
683,99.0,1983,Industrie,Marseille,213.5,44.9,D
684,139.6,1975,Bureau,Toulouse,169.6,49.7,G
685,71.1,1954,Résidentiel,Lyon,125.3,48.5,E
686,148.5,2010,Bureau,Toulouse,106.9,28.7,G
687,110.4,1958,Bureau,Toulouse,241.1,42.2,C
688,105.0,1999,École,Marseille,226.2,14.3,D
689,148.4,1955,Bureau,Lille,219.0,26.8,E
690,137.8,2009,École,Toulouse,228.7,51.7,A
691,105.6,1993,Commerce,Lille,170.3,30.4,G
692,166.4,1960,École,Paris,142.5,,A
693,,2015,Industrie,Nantes,121.2,,B
694,144.6,1996,Résidentiel,Lille,114.6,41.7,F
695,143.7,2022,Commerce,Lyon,252.7,,G
696,107.6,1952,Commerce,Nantes,150.4,23.2,C
697,133.0,1979,Industrie,Lyon,243.3,38.4,A
698,70.0,1970,École,Toulouse,168.8,38.1,E
699,157.0,1977,Résidentiel,Nantes,139.4,25.1,G
700,112.6,2011,École,Lille,114.3,33.0,G
701,99.1,1982,Bureau,Nantes,144.7,,F
702,162.0,1984,École,Toulouse,265.1,30.8,F
703,91.8,2001,Commerce,Marseille,114.9,46.7,E
704,63.7,1983,Résidentiel,Lyon,307.0,26.0,F
705,57.7,1990,École,Toulouse,129.6,57.9,A
706,144.2,2000,Résidentiel,Marseille,225.0,17.8,E
707,68.8,1996,Résidentiel,Nantes,171.3,31.9,E
708,190.2,2007,Bureau,Nantes,160.8,27.1,B
709,36.7,2006,Bureau,Toulouse,103.7,32.8,C
710,187.9,1972,Commerce,Lille,174.1,51.5,G
711,128.4,1997,Industrie,Nantes,110.5,,B
712,116.1,1971,Résidentiel,Lille,79.1,29.6,C
713,98.2,1966,Industrie,Lille,,42.9,E
714,136.0,2018,Commerce,Lille,141.9,36.1,G
715,118.5,1960,Résidentiel,Paris,,37.1,F
716,164.1,1964,Résidentiel,Marseille,240.0,23.4,C
717,124.6,1984,Industrie,Marseille,281.8,34.1,E
718,126.0,1982,École,Nantes,139.1,48.6,E
719,105.5,1965,Bureau,Nantes,188.2,15.7,B
720,117.7,1983,École,Lille,40.0,26.6,B
721,132.3,2015,Industrie,Paris,163.1,13.2,F
722,51.6,1989,Bureau,Lille,185.9,41.4,D
723,66.1,1977,École,Paris,189.2,49.7,A
724,149.7,1996,Bureau,Lille,177.5,32.8,D
725,126.8,1988,Résidentiel,Lyon,184.0,22.9,D
726,112.6,2019,École,Lyon,40.0,23.3,G
727,120.7,2022,Bureau,Toulouse,195.4,31.4,G
728,133.9,1969,Bureau,Lille,209.0,31.4,F
729,98.4,1950,Bureau,Nantes,260.3,45.9,G
730,88.9,2021,École,Marseille,202.1,,C
731,127.8,2012,Commerce,Toulouse,172.2,40.2,F
732,80.9,2016,École,Nantes,246.3,31.3,F
733,136.3,1953,Industrie,Lyon,40.0,26.1,E
734,51.9,2007,École,Lille,149.1,31.0,E
735,161.2,1974,Bureau,Toulouse,134.1,39.0,E
736,,1996,Résidentiel,Lille,177.9,46.0,A
737,130.2,1987,École,Lyon,48.1,32.0,C
738,159.3,1964,École,Toulouse,259.2,20.6,C
739,186.6,2012,Bureau,Lyon,165.0,47.0,E
740,160.6,1970,Résidentiel,Paris,199.1,24.2,D
741,46.4,2006,Résidentiel,Lyon,193.4,38.1,A
742,,2002,Industrie,Lille,,34.7,D
743,95.0,1995,École,Marseille,68.3,33.1,B
744,,1963,Résidentiel,Lyon,186.7,29.2,C
745,,1966,Résidentiel,Nantes,248.8,42.4,C
746,91.0,1988,Commerce,Marseille,,,D
747,127.5,1958,Commerce,Paris,122.9,,A
748,89.8,1955,Résidentiel,Toulouse,143.8,,C
749,95.5,1972,Industrie,Toulouse,156.4,39.9,D
750,,2008,Résidentiel,Marseille,136.7,39.3,F
751,83.1,1995,Bureau,Toulouse,170.8,50.3,F
752,65.9,1987,École,Lyon,270.5,37.4,G
753,81.0,1963,Industrie,Marseille,144.2,25.1,A
754,162.1,2021,Bureau,Lille,150.7,15.7,D
755,82.0,2011,Industrie,Lyon,207.6,30.8,G
756,225.3,1984,Bureau,Lyon,169.5,11.5,F
757,139.7,1968,École,Lyon,100.2,27.5,A
758,127.4,1979,École,Lille,176.3,31.5,G
759,85.7,1974,Commerce,Paris,174.1,26.7,E
760,148.0,1989,Bureau,Nantes,238.5,35.5,A
761,97.0,1963,Commerce,Toulouse,121.7,32.2,B
762,124.9,1975,Bureau,Marseille,238.9,31.1,E
763,222.4,1971,Commerce,Paris,174.1,5.9,G
764,116.2,1997,École,Marseille,113.5,19.5,D
765,166.0,2000,Industrie,Toulouse,101.5,42.7,E
766,91.9,1952,Commerce,Lille,296.1,44.7,E
767,118.6,1991,Bureau,Lyon,,,G
768,190.8,1968,Bureau,Lyon,236.2,25.2,D
769,94.9,2022,École,Lille,77.5,47.9,D
770,192.5,1977,Bureau,Paris,338.3,26.4,F
771,148.3,1994,Résidentiel,Paris,233.6,33.7,B
772,97.5,2020,Industrie,Marseille,164.7,52.3,D
773,145.3,2012,Commerce,Lille,161.6,30.7,C
774,158.9,2022,Industrie,Paris,,28.9,C
775,144.9,1968,École,Lille,220.6,33.1,B
776,57.2,1996,Commerce,Toulouse,191.0,57.2,A
777,,1963,Commerce,Lyon,180.7,40.4,G
778,110.1,1987,Résidentiel,Lyon,,,A
779,117.0,2002,École,Lyon,75.5,28.7,C
780,144.8,2010,Bureau,Lille,157.7,41.5,D
781,,1985,Résidentiel,Lille,81.2,42.9,B
782,66.6,1989,Résidentiel,Marseille,216.3,22.1,A
783,135.2,1979,Industrie,Lyon,139.5,43.2,A
784,144.4,1958,Industrie,Marseille,85.7,33.2,G
785,142.4,2013,Industrie,Lyon,132.4,35.3,E
786,163.2,1982,Résidentiel,Marseille,189.0,24.4,C
787,153.4,2001,Bureau,Marseille,167.7,,D
788,138.4,1963,Commerce,Toulouse,109.6,22.6,B
789,117.2,2002,Industrie,Marseille,77.7,22.1,A
790,53.6,2008,Bureau,Lille,184.4,39.5,G
791,137.2,1990,École,Marseille,145.2,30.7,E
792,128.3,2017,Industrie,Lyon,164.5,19.4,C
793,130.9,2017,Commerce,Marseille,170.4,61.1,C
794,68.9,1957,École,Paris,,21.5,G
795,76.8,1951,École,Nantes,230.8,48.1,B
796,162.1,1990,Commerce,Lyon,188.8,17.3,A
797,118.4,2004,Industrie,Paris,160.8,40.5,B
798,147.3,1965,Résidentiel,Lyon,181.5,32.0,G
799,,2011,Commerce,Lille,159.6,27.5,G
800,121.2,1997,Commerce,Nantes,81.4,37.4,B
801,157.5,1979,Commerce,Nantes,245.5,,F
802,99.4,1961,École,Lille,,25.3,E
803,123.8,1984,Bureau,Nantes,,24.7,C
804,101.5,1960,Résidentiel,Lille,316.8,16.1,F
805,102.6,2013,Industrie,Paris,109.4,38.7,D
806,107.6,1999,Industrie,Toulouse,,20.0,C
807,128.9,1970,Bureau,Lyon,330.7,35.0,C
808,100.9,2018,Commerce,Lille,177.6,42.1,E
809,170.2,1997,Résidentiel,Lyon,194.7,37.5,D
810,84.2,1969,Industrie,Paris,88.7,26.3,A
811,112.5,2016,Industrie,Toulouse,,,D
812,102.4,1993,Commerce,Paris,295.9,30.1,A
813,177.9,1982,Bureau,Nantes,257.2,19.0,D
814,127.9,2022,Résidentiel,Lyon,143.4,,B
815,161.3,2010,Bureau,Toulouse,156.2,42.0,G
816,60.6,1958,Bureau,Nantes,112.1,26.9,D
817,130.7,2017,Résidentiel,Toulouse,128.9,45.5,F
818,155.6,1984,Résidentiel,Nantes,65.4,25.8,F
819,123.3,2014,Industrie,Paris,174.9,27.4,E
820,162.6,1957,Industrie,Lille,270.6,,G
821,99.3,1994,Résidentiel,Lyon,201.3,43.2,G
822,176.4,1996,École,Marseille,262.0,34.4,A
823,212.0,1989,Industrie,Marseille,244.4,23.2,C
824,105.5,2003,École,Paris,147.2,30.2,E
825,102.2,1995,Résidentiel,Lyon,134.4,5.0,F
826,178.1,1996,Industrie,Lyon,136.7,44.3,F
827,183.2,1964,Bureau,Paris,77.0,33.0,A
828,,1968,Résidentiel,Lyon,181.9,6.1,F
829,103.2,1975,Commerce,Lille,40.0,17.5,F
830,108.7,2001,École,Paris,215.5,29.9,A
831,66.2,1971,Résidentiel,Lille,,19.2,F
832,83.3,1970,Résidentiel,Lyon,208.3,44.5,C
833,79.8,2000,Industrie,Paris,243.4,40.0,B
834,89.3,1987,Industrie,Lyon,191.9,39.3,E
835,118.6,1969,Industrie,Paris,277.9,5.0,C
836,129.4,1978,Commerce,Lyon,,28.7,C
837,182.0,2000,Industrie,Lille,134.6,26.6,B
838,80.1,1953,Résidentiel,Lille,165.7,23.6,G
839,159.4,2004,Industrie,Lyon,44.3,30.0,E
840,,2020,Bureau,Paris,,21.5,C
841,118.0,1977,Industrie,Marseille,,,F
842,147.0,1953,Commerce,Lille,212.8,44.2,B
843,75.1,1971,Bureau,Lille,135.0,43.2,G
844,135.3,1994,Résidentiel,Nantes,105.2,33.3,E
845,,2016,Résidentiel,Marseille,66.7,59.0,D
846,139.7,2015,École,Lyon,144.2,,A
847,131.6,1983,Bureau,Paris,297.1,33.8,F
848,218.2,2004,École,Nantes,,,B
849,,1950,Bureau,Lyon,236.4,51.1,A
850,98.8,2021,Bureau,Toulouse,126.0,47.1,G
851,95.1,1987,Commerce,Lille,85.6,18.1,G
852,97.8,1955,École,Toulouse,106.7,48.0,D
853,94.5,1974,Commerce,Lille,174.2,33.1,C
854,167.6,1966,Bureau,Lille,60.4,24.7,C
855,176.8,2010,Résidentiel,Toulouse,119.6,11.2,E
856,97.2,1961,Bureau,Toulouse,144.8,31.8,B
857,86.7,1955,Commerce,Lyon,100.7,34.9,B
858,138.9,1976,École,Nantes,52.6,54.0,G
859,97.9,1957,École,Nantes,197.4,46.5,E
860,145.3,2014,Commerce,Toulouse,182.8,28.0,A
861,128.1,2006,École,Lyon,226.7,39.7,C
862,,1989,Industrie,Nantes,113.4,44.9,C
863,181.9,1963,Résidentiel,Lyon,225.6,,G
864,191.8,1984,Résidentiel,Lyon,,28.0,B
865,95.5,1997,Résidentiel,Lille,195.7,28.6,G
866,104.5,2005,École,Nantes,143.4,39.6,B
867,131.4,1998,École,Nantes,188.7,40.0,E
868,133.4,1962,Bureau,Lille,140.5,31.5,D
869,146.3,2010,Bureau,Toulouse,130.5,5.0,A
870,200.4,1998,Résidentiel,Lille,221.0,19.5,F
871,112.9,1995,Industrie,Nantes,171.7,42.4,D
872,88.1,2011,Bureau,Nantes,,9.4,D
873,64.8,1957,Bureau,Toulouse,153.5,49.2,B
874,90.8,1992,École,Lille,159.5,47.4,B
875,118.7,1969,Industrie,Paris,146.0,35.5,B
876,191.8,1988,Résidentiel,Paris,,42.2,D
877,99.3,1998,Bureau,Toulouse,228.9,41.3,G
878,,2013,Industrie,Lille,311.1,33.6,A
879,119.3,2011,Industrie,Lille,157.1,18.5,G
880,167.5,2003,Résidentiel,Lyon,139.2,46.6,B
881,221.1,1958,Industrie,Nantes,135.3,51.9,C
882,,1986,Industrie,Marseille,,20.5,G
883,100.4,1998,Industrie,Toulouse,,18.1,A
884,161.8,1990,Bureau,Marseille,136.9,33.4,C
885,147.3,1966,Résidentiel,Marseille,144.9,27.5,A
886,193.9,1970,Industrie,Toulouse,105.6,,B
887,143.4,2000,Industrie,Lille,197.6,49.5,G
888,105.6,2008,Bureau,Toulouse,176.0,8.1,F
889,143.6,1988,Résidentiel,Marseille,111.8,54.0,E
890,164.3,2004,École,Nantes,126.4,30.1,B
891,152.8,1990,Bureau,Nantes,272.0,41.1,D
892,140.3,1988,Résidentiel,Nantes,182.0,42.4,F
893,162.7,1962,Industrie,Lille,186.1,43.8,D
894,166.8,2013,Résidentiel,Paris,186.3,35.7,A
895,175.3,1960,Résidentiel,Toulouse,263.7,38.5,D
896,145.9,1968,Résidentiel,Nantes,117.3,38.5,F
897,113.3,1960,École,Toulouse,156.2,27.4,F
898,125.9,1995,Résidentiel,Nantes,,13.9,B
899,168.3,1994,École,Lille,76.7,20.4,C
900,87.3,1950,Industrie,Paris,125.0,33.7,B
901,134.7,1989,École,Paris,,25.6,A
902,104.3,1968,Industrie,Nantes,225.6,25.6,D
903,121.1,2021,Industrie,Lille,236.2,56.6,C
904,,2021,École,Lyon,144.7,45.3,G
905,127.6,2010,Bureau,Toulouse,152.1,32.0,E
906,121.9,1961,Commerce,Toulouse,72.7,43.1,F
907,65.6,2010,Résidentiel,Marseille,235.9,30.0,C
908,149.9,1982,Commerce,Lille,245.8,36.3,G
909,145.8,1994,Résidentiel,Marseille,245.0,40.3,C
910,,2018,Résidentiel,Nantes,276.2,30.0,B
911,107.7,1957,Industrie,Marseille,205.3,26.8,G
912,128.8,1974,Résidentiel,Paris,273.4,49.7,E
913,130.0,1995,Résidentiel,Toulouse,168.0,42.4,F
914,183.1,1979,École,Marseille,74.0,7.9,A
915,116.2,1996,Commerce,Paris,231.6,27.0,A
916,131.2,1998,École,Lille,71.8,25.6,C
917,144.3,1996,Résidentiel,Marseille,190.2,,G
918,127.5,1967,Industrie,Nantes,237.3,45.3,C
919,102.1,2015,École,Nantes,199.5,35.2,D
920,127.8,2017,École,Nantes,316.7,18.3,E
921,162.9,1982,Bureau,Toulouse,62.0,30.4,F
922,78.9,1985,Résidentiel,Marseille,175.0,,C
923,125.3,1968,Industrie,Lille,181.0,32.4,D
924,,1977,École,Marseille,99.4,27.3,G
925,167.8,1989,École,Toulouse,,39.0,E
926,59.1,1964,Industrie,Paris,129.3,54.4,F
927,97.6,1990,Résidentiel,Toulouse,,40.5,A
928,135.1,1988,Bureau,Nantes,173.5,50.6,D
929,182.6,1951,École,Paris,143.8,28.1,G
930,117.4,2012,Bureau,Nantes,199.1,34.9,E
931,97.8,1978,Commerce,Lyon,219.0,34.7,D
932,195.2,2015,Résidentiel,Toulouse,214.9,36.4,C
933,62.1,2000,Commerce,Toulouse,,40.3,B
934,32.0,1959,Commerce,Lille,197.1,24.0,A
935,137.6,1963,Commerce,Marseille,242.1,42.8,C
936,99.9,2000,Résidentiel,Paris,206.7,15.5,C
937,79.2,2022,Résidentiel,Paris,291.5,,G
938,148.3,1988,Industrie,Lille,238.9,60.6,G
939,129.8,1977,Bureau,Lille,283.1,28.9,E
940,97.4,1952,Bureau,Marseille,40.0,43.8,G
941,68.8,2019,Industrie,Nantes,185.8,55.4,D
942,154.9,1976,Industrie,Marseille,160.6,7.2,A
943,146.0,1951,Commerce,Toulouse,172.5,48.5,C
944,116.0,1987,Industrie,Nantes,131.7,42.8,E
945,193.9,1952,École,Lyon,,54.7,A
946,77.2,1965,Bureau,Marseille,71.5,20.8,G
947,59.0,1989,Industrie,Lille,204.2,52.4,G
948,92.3,1951,École,Nantes,133.7,26.1,D
949,118.2,1990,École,Marseille,150.0,47.7,G
950,129.7,1961,École,Paris,206.3,34.6,C
951,110.4,1984,École,Lyon,184.7,44.2,F
952,134.1,2014,Commerce,Toulouse,243.2,35.6,C
953,69.9,2004,École,Paris,121.8,12.9,C
954,177.8,1994,Commerce,Paris,175.2,5.0,G
955,116.7,2011,Commerce,Lyon,233.3,37.5,A
956,,1998,École,Toulouse,,31.8,G
957,133.7,1974,Bureau,Lille,205.5,39.8,A
958,138.3,1972,École,Nantes,246.5,32.0,A
959,142.8,1973,École,Toulouse,155.6,59.2,A
960,137.9,1987,École,Marseille,143.0,37.8,E
961,145.7,1977,Bureau,Paris,214.6,29.6,B
962,173.2,1970,Résidentiel,Marseille,171.0,39.0,G
963,127.9,2003,Résidentiel,Lille,247.3,,E
964,148.4,1967,Commerce,Marseille,202.2,36.1,C
965,116.4,1985,Commerce,Toulouse,142.6,20.4,E
966,177.6,1994,Bureau,Marseille,200.3,34.9,D
967,92.9,2022,Industrie,Lille,125.8,29.3,F
968,192.0,2002,Résidentiel,Lille,236.8,21.5,A
969,118.4,1979,Commerce,Lille,96.2,58.7,G
970,62.8,2009,Résidentiel,Toulouse,253.3,22.0,D
971,125.1,1981,Bureau,Lille,199.3,35.1,G
972,,2016,Bureau,Paris,,25.4,F
973,153.6,2016,Industrie,Lille,225.8,38.6,D
974,93.9,1977,Industrie,Marseille,210.7,19.7,G
975,102.2,1993,Bureau,Nantes,259.8,45.1,C
976,44.4,1990,Commerce,Marseille,259.3,59.4,A
977,101.9,2012,Résidentiel,Nantes,,,D
978,23.0,1972,École,Marseille,127.7,49.6,C
979,56.6,1997,Industrie,Toulouse,147.5,30.4,A
980,150.4,1981,École,Marseille,175.7,53.1,B
981,151.4,2006,Commerce,Toulouse,244.9,61.3,C
982,137.0,1982,Industrie,Toulouse,152.6,32.2,E
983,81.3,1973,École,Lille,157.6,16.8,G
984,118.1,1988,Commerce,Paris,290.9,46.4,A
985,119.9,1983,Résidentiel,Nantes,173.7,37.7,D
986,73.7,2005,Commerce,Lille,141.9,41.0,F
987,180.1,1977,Industrie,Lille,,30.9,D
988,155.1,1986,Bureau,Toulouse,176.6,24.4,E
989,111.2,1956,Résidentiel,Toulouse,96.6,48.9,G
990,121.1,2017,École,Nantes,242.5,38.8,E
991,128.3,1986,Industrie,Marseille,135.2,17.7,D
992,38.3,2005,Bureau,Marseille,182.6,43.2,G
993,110.1,2014,Commerce,Lille,175.9,40.8,F
994,92.7,2014,Bureau,Lyon,193.8,31.1,A
995,79.9,1996,Industrie,Lyon,48.5,54.4,G
996,108.8,1969,Industrie,Marseille,159.9,27.6,C
997,191.9,1968,Bureau,Lyon,247.5,33.0,G
998,145.6,1978,Commerce,Marseille,255.9,44.2,E
999,97.2,2009,Bureau,Toulouse,120.5,35.9,E
1000,142.9,1967,Industrie,Lille,235.2,18.4,E
1001,,1984,Industrie,Paris,134.3,37.2,F
1002,157.0,1992,École,Lille,157.5,30.0,G
1003,122.4,1960,École,Marseille,160.7,45.3,G
1004,94.1,1998,Résidentiel,Marseille,186.5,36.8,B
1005,147.9,1987,Industrie,Lille,240.1,36.1,F
1006,135.7,2013,École,Nantes,195.9,22.4,A
1007,155.8,2018,Bureau,Marseille,172.4,32.2,A
1008,145.4,1957,Commerce,Lyon,238.0,,A
1009,162.0,1983,Bureau,Lyon,131.8,25.7,A
1010,98.6,1997,Commerce,Marseille,175.4,34.6,A
1011,,2005,École,Marseille,239.7,23.8,D
1012,,2014,Résidentiel,Nantes,211.8,20.8,E
1013,203.0,1980,Bureau,Lyon,152.0,34.0,F
1014,92.4,1953,Bureau,Marseille,89.2,37.1,D
1015,189.4,1999,Bureau,Marseille,198.7,58.9,F
1016,127.9,2018,Commerce,Nantes,85.3,29.5,B
1017,93.9,1979,École,Nantes,167.2,34.4,G
1018,100.6,2008,Bureau,Lille,250.7,20.0,C
1019,107.2,2016,Bureau,Nantes,215.8,42.3,E
1020,137.0,1994,Résidentiel,Paris,58.6,39.8,B
1021,140.9,1953,Résidentiel,Lyon,192.0,52.9,D
1022,97.1,1975,École,Lille,160.8,48.3,C
1023,119.0,1976,École,Paris,103.6,39.2,G
1024,205.7,1995,Industrie,Marseille,200.1,29.4,B
1025,,2013,Résidentiel,Marseille,150.5,37.5,G
1026,137.5,2000,Industrie,Lille,150.9,,G
1027,121.5,1999,Commerce,Nantes,187.4,46.4,F
1028,124.8,1955,Industrie,Marseille,142.4,44.9,C
1029,144.5,2008,Bureau,Toulouse,185.7,31.4,F
1030,79.1,1964,Industrie,Lille,144.4,17.5,G
1031,109.7,1979,École,Paris,147.7,,B
1032,53.3,1991,Commerce,Lille,239.6,42.0,G
1033,136.0,1986,Bureau,Lyon,245.7,31.2,D
1034,145.9,1991,Industrie,Nantes,77.5,41.5,G
1035,100.7,1984,Commerce,Nantes,224.8,35.9,F
1036,183.0,1955,Commerce,Lille,263.9,50.8,C
1037,71.0,2017,Bureau,Marseille,,11.8,B
1038,61.4,1967,Industrie,Marseille,211.2,,F
1039,129.0,2022,Commerce,Toulouse,116.6,54.2,G
1040,161.9,1978,Commerce,Toulouse,217.8,41.8,D
1041,187.4,2008,Résidentiel,Nantes,127.8,56.3,E
1042,101.6,1996,Commerce,Toulouse,159.4,20.3,D
1043,163.1,1966,Résidentiel,Paris,203.0,47.9,G
1044,118.5,1971,Industrie,Toulouse,131.7,47.1,D
1045,113.1,2017,Industrie,Paris,111.2,14.8,E
1046,155.3,2018,Industrie,Toulouse,207.9,31.5,D
1047,146.1,1986,École,Nantes,292.0,,E
1048,56.9,1998,Industrie,Nantes,254.6,15.6,G
1049,179.1,1962,Commerce,Paris,222.4,31.7,E
1050,175.2,1983,Bureau,Lille,238.8,45.5,F
1051,95.0,2002,Résidentiel,Nantes,218.3,30.3,F
1052,135.8,2000,École,Lille,207.0,37.9,E
1053,139.8,1952,Industrie,Marseille,233.9,38.0,B
1054,,1991,Industrie,Paris,97.9,34.9,C
1055,98.0,1981,Bureau,Nantes,192.0,26.5,B
1056,93.1,2000,Bureau,Lyon,175.1,42.9,E
1057,119.0,1995,École,Marseille,184.7,,C
1058,166.9,1970,Résidentiel,Lille,152.3,35.1,F
1059,141.7,1993,Industrie,Nantes,211.2,51.6,C
1060,,1960,École,Paris,130.9,29.6,E
1061,150.9,2017,Commerce,Toulouse,148.0,26.3,F
1062,20.0,1950,Commerce,Lyon,140.8,43.7,C
1063,166.0,2012,École,Lille,231.8,37.0,C
1064,50.4,1973,Industrie,Marseille,179.3,43.9,B
1065,105.5,1962,École,Paris,152.4,35.5,C
1066,75.2,1960,Industrie,Lyon,157.6,6.3,G
1067,,2000,Bureau,Paris,180.2,49.2,E
1068,166.4,1966,École,Nantes,277.3,59.8,A
1069,101.3,1973,Industrie,Toulouse,105.8,50.4,A
1070,,1968,École,Marseille,220.5,5.0,A
1071,118.1,1986,École,Paris,208.3,40.4,E
1072,139.1,1957,Industrie,Lille,127.0,29.4,A
1073,123.1,1977,Industrie,Nantes,268.0,22.0,B
1074,68.7,1954,Résidentiel,Nantes,212.4,36.5,E
1075,,1966,École,Marseille,149.5,,G
1076,100.2,1985,Commerce,Nantes,68.4,41.1,F
1077,57.7,1968,École,Lille,193.7,35.7,G
1078,,2013,École,Paris,177.3,21.6,E
1079,180.0,1960,Industrie,Marseille,118.2,,E
1080,154.0,2003,École,Nantes,117.4,26.1,C
1081,106.1,1994,École,Nantes,232.1,14.4,C
1082,,1996,Commerce,Lille,62.7,18.5,C
1083,107.1,1961,Industrie,Toulouse,198.9,32.5,D
1084,203.1,1970,École,Toulouse,168.8,,B
1085,135.3,1960,Bureau,Nantes,209.8,28.6,E
1086,137.2,1954,Résidentiel,Paris,162.3,25.9,G
1087,161.2,2005,Commerce,Marseille,197.6,20.8,E
1088,129.6,1969,École,Nantes,,35.4,C
1089,109.6,1990,Bureau,Lyon,177.0,49.2,E
1090,112.1,1995,École,Marseille,209.3,59.0,F
1091,117.1,1961,École,Toulouse,189.1,,E
1092,118.5,2019,Industrie,Nantes,202.8,36.7,G
1093,149.1,1966,Industrie,Lille,124.3,28.5,A
1094,122.1,1968,Industrie,Lyon,144.6,30.5,F
1095,149.3,1975,Bureau,Nantes,145.6,42.6,F
1096,116.8,1997,École,Paris,,31.2,E
1097,123.1,2001,Résidentiel,Lyon,261.5,33.1,D
1098,40.1,2019,Commerce,Nantes,158.7,34.7,C
1099,156.7,2004,Industrie,Paris,111.4,27.9,B
1100,133.9,1982,Industrie,Lyon,212.5,34.1,B
1101,159.9,2011,École,Paris,260.8,10.8,A
1102,,1972,École,Paris,104.3,41.6,B
1103,203.5,1964,Bureau,Lyon,298.4,63.2,B
1104,114.4,1976,Bureau,Lyon,204.9,28.4,C
1105,164.3,2013,Industrie,Paris,242.0,39.5,C
1106,78.4,2000,École,Toulouse,,45.2,D
1107,144.5,2002,Résidentiel,Lyon,238.4,50.4,G
1108,77.9,2000,Commerce,Nantes,,31.8,A
1109,95.0,1996,École,Marseille,253.1,13.4,B
1110,196.6,1953,École,Lille,195.3,38.2,D
1111,112.4,1956,Bureau,Paris,245.4,36.5,A
1112,128.7,1984,Commerce,Paris,252.0,30.9,F
1113,154.8,1997,Industrie,Lille,114.5,33.4,B
1114,139.8,2022,École,Toulouse,227.7,36.7,B
1115,126.0,2021,Industrie,Lille,169.1,39.3,C
1116,134.6,1994,École,Lyon,188.3,38.8,E
1117,216.1,2021,Industrie,Lille,,32.4,A
1118,117.7,1968,Commerce,Paris,185.2,39.6,B
1119,128.0,2012,Bureau,Lille,271.4,31.6,A
1120,,1987,Commerce,Marseille,98.0,42.7,G
1121,164.2,2016,Résidentiel,Nantes,76.7,27.5,D
1122,167.5,2008,Bureau,Lyon,64.0,35.9,D
1123,145.5,2018,Commerce,Lille,244.1,15.5,E
1124,74.3,1962,Résidentiel,Paris,133.6,30.6,B
1125,185.3,1996,École,Nantes,187.9,41.8,G
1126,74.1,2010,École,Lyon,173.1,22.6,C
1127,132.1,1980,Industrie,Paris,126.8,31.2,B
1128,89.8,1971,Bureau,Toulouse,231.1,6.1,A
1129,117.4,1992,École,Marseille,172.4,18.6,F
1130,133.2,2016,Bureau,Toulouse,165.7,21.7,D
1131,,2003,École,Marseille,194.0,36.2,A
1132,136.9,1959,Industrie,Lille,223.2,39.0,E
1133,184.5,1991,Commerce,Lyon,122.5,34.3,D
1134,138.1,2013,Industrie,Lille,232.4,30.4,C
1135,110.2,1970,Résidentiel,Marseille,267.0,30.5,D
1136,,2015,École,Marseille,94.4,43.6,F
1137,167.6,1990,Résidentiel,Marseille,196.7,37.6,G
1138,70.9,1973,Résidentiel,Nantes,161.7,31.0,B
1139,143.9,1984,Bureau,Paris,222.0,50.5,F
1140,148.0,2005,École,Lyon,107.0,58.4,G
1141,108.1,1979,Résidentiel,Lille,277.7,,F
1142,175.0,2006,Commerce,Lille,83.5,41.3,B
1143,114.0,1996,Résidentiel,Toulouse,165.3,72.1,D
1144,125.0,1984,Commerce,Marseille,206.1,38.4,E
1145,113.1,1968,Bureau,Marseille,138.8,36.4,B
1146,120.6,1957,Résidentiel,Marseille,129.4,34.3,B
1147,76.1,1975,Industrie,Lille,193.3,40.9,G
1148,62.4,2020,Bureau,Toulouse,,44.1,C
1149,183.8,1979,Commerce,Paris,180.4,20.1,D
1150,86.1,1956,Bureau,Nantes,231.5,34.7,B
1151,,2016,Résidentiel,Lyon,156.3,7.8,E
1152,33.9,2014,École,Paris,199.2,32.5,A
1153,94.4,1985,École,Lille,149.6,24.2,D
1154,67.1,1974,Commerce,Nantes,129.0,39.1,C
1155,185.7,1986,Commerce,Nantes,162.9,15.1,F
1156,160.4,1950,École,Nantes,150.1,28.9,B
1157,92.5,1964,Commerce,Marseille,153.1,46.6,E
1158,210.1,1986,Bureau,Lyon,249.9,26.9,D
1159,159.3,1962,Industrie,Lille,164.8,12.1,E
1160,107.0,1957,Industrie,Lille,140.2,38.1,E
1161,20.0,1954,Bureau,Nantes,181.7,28.0,G
1162,211.6,2009,Industrie,Lille,186.3,32.8,F
1163,64.4,2022,Résidentiel,Lyon,108.8,26.2,C
1164,,1950,Bureau,Lyon,162.1,58.7,D
1165,160.9,1985,Commerce,Toulouse,159.7,16.3,B
1166,217.6,1984,Bureau,Toulouse,169.7,69.0,C
1167,,2015,École,Paris,223.5,30.3,B
1168,142.6,2012,Commerce,Lyon,188.2,37.2,A
1169,143.8,1972,École,Lyon,253.7,28.1,E
1170,154.1,1958,Commerce,Lyon,179.3,27.6,A
1171,150.4,1983,Industrie,Toulouse,286.6,25.6,G
1172,131.2,1995,Bureau,Nantes,152.4,42.2,E
1173,124.2,1953,Résidentiel,Nantes,133.8,,F
1174,,1979,Commerce,Lille,212.8,39.4,C
1175,89.8,2021,Commerce,Nantes,261.8,8.8,B
1176,108.8,1952,École,Marseille,97.3,38.3,G
1177,52.3,1963,Industrie,Toulouse,168.2,45.2,F
1178,116.1,2009,École,Lyon,143.4,19.7,B
1179,80.5,1994,École,Nantes,188.6,43.1,C
1180,75.9,1983,Industrie,Toulouse,180.6,35.6,D
1181,127.2,1994,Résidentiel,Nantes,,54.2,G
1182,175.7,2010,École,Paris,173.5,24.7,A
1183,156.7,1965,École,Lyon,262.5,68.8,A
1184,57.2,2015,Commerce,Paris,161.1,6.3,B
1185,80.4,1989,Industrie,Lyon,235.6,31.0,B
1186,157.6,1966,Bureau,Toulouse,193.7,14.6,B
1187,80.7,1983,Résidentiel,Lille,283.8,57.2,G
1188,111.0,1965,Résidentiel,Nantes,91.4,31.9,C
1189,,2009,Industrie,Nantes,110.2,32.9,D
1190,81.3,2015,Commerce,Marseille,289.9,40.3,A
1191,124.2,2015,Commerce,Paris,136.0,,F
1192,66.6,1962,Industrie,Nantes,139.8,27.9,E
1193,95.9,2005,Commerce,Toulouse,127.5,19.9,G
1194,132.8,1980,Résidentiel,Lille,248.9,37.0,G
1195,56.3,1983,Résidentiel,Toulouse,104.8,39.5,C
1196,137.6,1988,Bureau,Paris,181.3,43.3,A
1197,119.2,2016,Industrie,Marseille,164.1,58.0,D
1198,142.1,1957,École,Nantes,242.2,,C
1199,129.0,2004,École,Toulouse,146.2,34.2,F
1200,174.6,1976,Bureau,Lyon,204.9,49.3,A
